"id","nome_decoracao","valor"
1,Guirlanda de papel crepom temática com borlas de tecido e desenhos de amor,
2,Prato,
3,Pote de vidro com tampa de metal e decoração de casamento,
4,Cachepô de tecido estampado com laço de fita de cetim e decoração de amor,
5,Letras decorativas em acrílico com base de metal e desenhos de casamento,
6,Balão de estrela com luzes e desenhos de amor,
7,Placa de identificação de mesa em madeira personalizada com desenhos de amor,
8,Kit de toalhas de mão personalizadas com bordado de desenhos de amor,
9,Prato de sobremesa de porcelana com desenhos de coração e mensagem de amor,
10,Árvore de jujuba com decoração de corações,
11,Sacola de papel personalizada com desenho de amor,
12,Cortina de luzes temática com flores artificiais e desenhos de amor,
13,Enfeite de teto de papel crepom em formato de flores com borlas de fita de cetim,
14,Bandeja de espelho temática com alça de cordão e decoração de amor,
15,Placa de direcionamento em acrílico personalizada com desenhos de amor,
16,Mini vaso de flores de papel crepom em formato de coração com decoração de amor,
17,Guardanapo de papel temático com desenhos de coração e mensagem de amor,
18,Árvore de balões com led em formato de coração com mensagem de amor,
19,Kit de talheres de plástico personalizados com embalagem de papel e decoração de amor,
20,Balão de coração em formato de arco com luzes e mensagem de amor,
21,Porta-guardanapo temático de madeira com laço de juta e decoração de amor,
22,Arranjo de flores naturais em cachepô de metal com decoração de amor,
23,Bandeirinhas de papel crepom temáticas com borlas de papel seda e desenhos de amor,
24,Prato de bolo de vidro com pé de metal decorado com desenhos de amor,
25,Bolo fake temático de papelão com decoração de amor,
26,Enfeite de mesa de metal com vidro e decoração de coração e mensagem de amor,
27,Topo de bolo de madeira personalizado com desenhos de amor e data,
28,Porta-retrato de metal com vidro e desenhos de amor,
29,Vaso de flores de cerâmica em formato de coração com decoração de amor,
30,Convite em forma de passaporte com desenhos de amor e mensagem personalizada,
31,Taça de vinho temática de vidro com pé de acrílico e decoração de amor,
32,Balão de animais da floresta com luzes e desenhos de amor,
33,Placa de boas-vindas de madeira personalizada com desenhos de amor e data,
34,Kit de banheiro de porcelana com decoração de corações e desenhos de amor,
35,Caixa de lembrancinhas de papel com laço de fita e decoração de amor,
36,Topo de bolo de madeira personalizado com desenhos de casamento,
37,Porta-retrato de metal com vidro e desenhos de amor,
38,Vaso de flores de cerâmica em formato de coração com decoração de casamento,
39,Convite em forma de carta com selo personalizado,
40,Taça de vinho temática de vidro com pé de acrílico e decoração de casamento,
41,Balão de animais da selva com luzes e desenhos de casamento,
42,Placa de boas-vindas de madeira personalizada com nome dos noivos,
43,Kit de banheiro de porcelana com decoração de flores e desenhos de casamento,
44,Caixa de lembrancinhas de papel com laço de fita e decoração de casamento,
45,Bolo fake de biscuit temático com noivinhos,
46,Porta-retrato de acrílico com base de metal e desenhos de amor,
47,Vaso de flores de acrílico em formato de coração com decoração de casamento,
48,Guardanapo de papel estampado com tema de casamento,
49,Árvore de marshmallow com decoração de casamento,
50,Plaquinhas de identificação de mesa em acrílico personalizadas com desenhos de casamento,
51,Enfeite de teto de papel crepom em formato de borboletas com borlas de fita de cetim,
52,Bandeja de madeira temática com decoração de casamento e alças de cordão,
53,Convite digital em forma de mapa do tesouro com pistas personalizadas,
54,Balão de coração com luzes e iniciais dos noivos,
55,Kit de talheres de inox com cabo de acrílico personalizado com desenhos de casamento,
56,Porta-guardanapo temático de acrílico em formato de coração com decoração de casamento,
57,Arranjo de flores naturais em cachepô de porcelana com decoração de casamento,
58,Bandeirinhas de papel crepom temáticas com borlas de tule e desenhos de amor,
59,Prato de petiscos temático de cerâmica com desenhos de casamento,
60,Enfeite de mesa de porcelana com decoração de corações e iniciais,
61,Topo de bolo de acrílico personalizado com desenhos de casamento e data,
62,Porta-retrato de vidro com base de metal e desenhos de casamento,
63,Vaso de flores de plástico em formato de cacto com decoração de casamento,
64,Convite em forma de cartão postal com foto dos noivos,
65,Taça de champanhe temática de vidro com pé de metal e decoração de casamento,
66,Balão de animais da savana com luzes e desenhos de casamento,
67,Placa de boas-vindas de madeira personalizada com desenhos de casamento e data,
68,Kit de banheiro de vidro com borda de metal personalizado com desenhos de casamento,
69,Bandeirinhas de papel crepom temáticas com borlas de fita de cetim,
70,Prato de petiscos temático de vidro com borda dourada,
71,Enfeite de mesa de porcelana com decoração de animais,
72,Topo de bolo de acrílico personalizado com iniciais e data,
73,Porta-retrato de vidro com base de metal e desenhos de casamento,
74,Vaso de flores de plástico em formato de borboleta,
75,Convite em forma de bilhete de loteria com números personalizados,
76,Taça de champanhe temática de vidro com pé de acrílico,
77,Balão de animais da floresta com luzes e mensagem,
78,Placa de boas-vindas de madeira personalizada com data do casamento,
79,Kit de banheiro de vidro com borda de metal personalizado com monograma,
80,Guirlanda de papel crepom temática com borlas de renda,
81,Pote de vidro com tampa de metal e laço de fita personalizado,
82,Cachepô de tecido estampado com laço de fita de cetim e decoração de casamento,
83,Letras decorativas em acrílico com base de metal e desenhos de amor,
84,Balão de estrela com luzes e desenhos de casamento,
85,Placa de identificação de mesa em madeira personalizada com desenhos de casamento,
86,Kit de toalhas de mão personalizadas com bordado de monograma,
87,Prato de sobremesa de porcelana com desenhos de coração,
88,Árvore de jujuba com corações,
89,Sacola de papel personalizada com desenho de casamento,
90,Cortina de luzes temática com flores naturais,
91,Enfeite de teto de papel crepom em formato de flores,
92,Bandeja de espelho temática com alça de cordão e decoração de casamento,
93,Placa de direcionamento em acrílico personalizada com desenhos de casamento,
94,Mini vaso de flores de papel crepom em formato de coração com decoração de casamento,
95,Guardanapo de papel temático com desenhos de coração e iniciais,
96,Árvore de balões com led em formato de coração com mensagem,
97,Kit de talheres de plástico personalizados com embalagem de papel e decoração de casamento,
98,Balão de coração em formato de arco com luzes e mensagem de amor,
99,Porta-guardanapo temático de madeira com laço de juta e decoração de casamento,
100,Arranjo de flores naturais em cachepô de metal com decoração de casamento,
101,Bandeirinhas de papel crepom temáticas com borlas de papel seda e desenhos de amor,
102,Prato de bolo de vidro com pé de metal decorado com desenhos de casamento,
103,Bolo fake temático de papelão com decoração de casamento,
104,Enfeite de mesa de metal com vidro e decoração de coração,
105,Placa de identificação de mesa em madeira com desenhos temáticos,
106,Kit de toalhas de mão personalizadas com desenhos infantis,
107,Prato de sobremesa de porcelana com desenhos temáticos,
108,Árvore de jujuba com flores artificiais,
109,Sacola de papel personalizada com desenho temático,
110,Cortina de luzes temática com flores de papel,
111,Enfeite de teto de papel crepom em formato de borboletas,
112,Bandeja de espelho temática com alça de cordão,
113,Placa de direcionamento em acrílico personalizada com desenhos infantis,
114,Mini vaso de flores de papel de seda em formato de coração,
115,Guardanapo de papel temático com desenhos de super-heróis,
116,Árvore de balões com led em formato de coruja,
117,Kit de talheres de plástico personalizados com embalagem de tecido,
118,Balão de flamingo com luzes,
119,Porta-guardanapo temático de madeira com laço de juta,
120,Arranjo de flores naturais em cachepô de madeira,
121,Bandeirinhas de papel crepom temáticas com borlas de papel crepom,
122,Prato de bolo de vidro com pé de acrílico,
123,Bolo fake temático de papel machê,
124,Enfeite de mesa de metal com vidro e decoração vintage,
125,Topo de bolo de madeira personalizado com mensagem,
126,Porta-retrato de metal com vidro e desenhos temáticos,
127,Vaso de flores de cerâmica em formato de animal marinho,
128,Convite em forma de passaporte com desenhos de monumentos,
129,Taça de vinho temática de vidro com pé de acrílico,
130,Balão de animais da selva com luzes e mensagem,
131,Placa de boas-vindas de madeira personalizada com desenhos infantis,
132,Kit de banheiro de porcelana com decoração de bolinhas,
133,Caixa de lembrancinhas de papel com janela em formato de coração,
134,Bolo fake de biscuit temático com personagens,
135,Porta-retrato de acrílico com base de metal e luzes,
136,Vaso de flores de acrílico em formato de diamante,
137,Guardanapo de papel estampado com tema de praia,
138,Árvore de pipoca,
139,Plaquinhas de identificação de mesa em acrílico personalizadas com fotos,
140,Enfeite de teto de papel crepom em formato de estrela com borlas,
141,Bandeja de madeira temática com decoração de flores,
142,Convite digital em forma de história em quadrinhos,
143,Balão de coração com luzes e nome dos noivos,
144,Kit de talheres de inox com cabo de madeira personalizado,
145,Porta-guardanapo temático de acrílico em formato de coroa,
146,Arranjo de flores naturais em cachepô de porcelana com desenhos florais,
147,Porta-guardanapo temático de acrílico em formato de borboletas,
148,Arranjo de flores naturais em cachepô de cerâmica,
149,Bandeirinhas de papel crepom temáticas com borlas de papel de seda,
150,Prato de bolo de vidro com pé de metal,
151,Bolo fake temático de papel cartão,
152,Enfeite de mesa de metal com vidro e flores artificiais,
153,Topo de bolo de acrílico personalizado com iniciais,
154,Porta-retrato de madeira com vidro e desenhos infantis,
155,Vaso de flores de cerâmica em formato de bicho,
156,Convite em forma de rolo de pergaminho,
157,Taça de vinho temática de vidro com pé de metal,
158,Balão de animais da selva com luzes,
159,Placa de boas-vindas de madeira personalizada com mensagem,
160,Kit de banheiro de porcelana com desenhos temáticos,
161,Caixa de lembrancinhas de papel com alça,
162,Bolo fake de EVA temático,
163,Porta-retrato de acrílico com base de metal,
164,Vaso de flores de acrílico com efeito de água,
165,Guardanapo de papel estampado com tema de viagem,
166,Árvore de marshmallow,
167,Plaquinhas de identificação de mesa em madeira com suporte,
168,Enfeite de teto de papel crepom em formato de estrela,
169,Bandeja de madeira temática com alças e decoração rústica,
170,Convite digital em formato de jogo de videogame,
171,Balão de coração com luzes e mensagem,
172,Kit de talheres de inox com cabo de bambu personalizado,
173,Porta-guardanapo temático de acrílico em formato de coração,
174,Arranjo de flores naturais em cachepô de porcelana,
175,Bandeirinhas de papel crepom temáticas com borlas de lã,
176,Prato de petiscos temático de cerâmica,
177,Enfeite de mesa de porcelana com desenhos florais,
178,Topo de bolo de madeira personalizado com nome do aniversariante,
179,Porta-retrato de vidro com base de metal e desenhos temáticos,
180,Vaso de flores de plástico em formato de flamingo,
181,Convite em forma de roleta de cassino,
182,Taça de champanhe temática de vidro com pé de metal decorado,
183,Balão de animais da fazenda com luzes,
184,Placa de boas-vindas de madeira personalizada com foto,
185,Kit de banheiro de vidro com borda de metal personalizado,
186,Guirlanda de papel crepom temática com borlas de tule,
187,Pote de vidro com tampa de metal e laço,
188,Cachepô de tecido estampado com laço de fita,
189,Letras decorativas em acrílico com base de metal e luzes,
190,Balão de estrela com luzes e mensagem,
191,Vaso de flores de acrílico transparente,
192,Convite em forma de bilhete de avião,
193,Taça de vinho temática de vidro,
194,Balão de animais da floresta,
195,Placa de boas-vindas de madeira personalizada,
196,Kit de banheiro de madeira personalizado,
197,Caixa de lembrancinhas de papel com tampa,
198,Bolo fake temático de biscuit,
199,Porta-retrato de metal com vidro,
200,Vaso de flores de cerâmica personalizado,
201,Guardanapo de papel estampado com tema náutico,
202,Árvore de algodão doce,
203,Plaquinhas de identificação de mesa em acrílico,
204,Enfeite de teto de papel de seda,
205,Bandeja de madeira temática com alças,
206,Convite digital em formato de vídeo,
207,Balão de coração com luzes,
208,Kit de talheres de inox com cabo de madrepérola personalizado,
209,Porta-guardanapo temático de acrílico em formato de flores,
210,Arranjo de flores naturais em cachepô de metal,
211,Bandeirinhas de papel crepom temáticas com pompons,
212,Prato de petiscos temático de porcelana,
213,Enfeite de mesa de cristal com flores artificiais,
214,Topo de bolo de madeira personalizado com data,
215,Porta-retrato de vidro com borda de metal,
216,Vaso de flores de plástico decorado com strass,
217,Convite em forma de ingresso de show,
218,Taça de champanhe temática de vidro com pé de cristal,
219,Balão de animais da savana,
220,Placa de boas-vindas em MDF com nome do aniversariante,
221,Kit de banheiro de cerâmica personalizado,
222,Guirlanda de papel crepom temática com borlas de tecido,
223,Pote de vidro com tampa de metal personalizado,
224,Cachepô de tecido estampado com laço,
225,Letras decorativas em madeira com luzes,
226,Balão de estrela com luzes,
227,Placa de identificação de mesa em acrílico personalizada,
228,Kit de toalhas de mão personalizadas com bordado,
229,Prato de sobremesa de porcelana temático,
230,Árvore de jujuba com luzes,
231,Sacola de papel personalizada com nome do convidado,
232,Cortina de luzes temática com flores artificiais,
233,Enfeite de teto de papel crepom em formato de coração,
234,Bandeja de espelho temática com alça,
235,Placa de direcionamento em acrílico personalizada com setas,
236,Mini vaso de flores de papel de seda,
237,Guardanapo de papel temático com desenhos de princesas,
238,Árvore de balões com led em formato de estrela,
239,Kit de talheres de plástico personalizados com embalagem de papel,
240,Balão de unicórnio com luzes,
241,Placa de identificação de mesa,
242,Kit de toalhas de rosto personalizadas,
243,Prato de petiscos de vidro,
244,Árvore de balas de goma,
245,Sacola de juta temática,
246,Cortina de franjas temática,
247,Enfeite de teto de papel seda,
248,Bandeja de madeira temática,
249,Placa de direcionamento em MDF,
250,Mini vaso de flores de plástico,
251,Guardanapo de papel estampado com tema floral,
252,Árvore de marshmallows,
253,Kit de talheres de inox personalizados,
254,Balão de estrela cadente,
255,Porta-guardanapo temático de madeira,
256,Arranjo de flores naturais em vaso de cerâmica,
257,Bandeirinhas de papel crepom temáticas,
258,Prato de bolo de vidro,
259,Bolo fake de tecido,
260,Enfeite de mesa de cristal com led,
261,Topo de bolo de metal personalizado,
262,Porta-retrato de plástico,
263,Vaso de flores de papel,
264,Convite em forma de passaporte,
265,Taça de vinho temática,
266,Balão de animais da selva,
267,Placa de boas-vindas em MDF com led,
268,Kit de banheiro de porcelana personalizado,
269,Guirlanda de papel crepom temática com flores,
270,Pote de vidro com tampa de cortiça,
271,Cachepô de tecido estampado,
272,Letras decorativas em papelão,
273,Balão de coração com led,
274,Placa de identificação de mesa em acrílico,
275,Kit de toalhas de mão personalizadas,
276,Prato de sobremesa de vidro,
277,Árvore de jujuba com led,
278,Sacola de papel com alça de cordão,
279,Cortina de luzes temática,
280,Enfeite de teto de papel de seda temático,
281,Bandeja de espelho com pé temática,
282,Placa de direcionamento em acrílico,
283,Mini vaso de flores de papel crepom,
284,Guardanapo de papel temático com desenhos infantis,
285,Árvore de balões com led,
286,Kit de talheres de plástico personalizados,
287,Balão de coração em metalizado,
288,Porta-guardanapo temático de acrílico,
289,Arranjo de flores naturais em cachepô de papelão,
290,Bandeirinhas de papel crepom temáticas com borlas,
291,Prato de petiscos temático de acrílico,
292,Bolo fake de biscuit,
293,Enfeite de mesa de porcelana,
294,Topo de bolo de acrílico com led personalizado,
295,Porta-retrato de porcelana,
296,Vaso de flores de acrílico,
297,Convite em forma de bilhete de cinema,
298,Taça de champanhe temática de acrílico,
299,Balão de animais da floresta,
300,Placa de boas,
301,Tapete de festa temático,
302,Enfeite de mesa de madeira,
303,Convite virtual personalizado,
304,Taça de acrílico decorada,
305,Balão de bola de futebol,
306,Placa de boas-vindas personalizada,
307,Kit de banheiro temático,
308,Caixa de lembrancinhas de acrílico,
309,Bolo cenográfico de acrílico,
310,Porta-retrato de madeira,
311,Vaso de flores de cerâmica,
312,Guardanapo de papel estampado,
313,Árvore de papel crepom,
314,Plaquinhas divertidas para fotos,
315,Balão metalizado em formato de estrela,
316,Porta-copos temáticos,
317,Arranjo de flores naturais em vaso de vidro,
318,Bandeja de espelho temática,
319,Prato de petiscos temático,
320,Bolo de papel cartão,
321,Enfeite de mesa de cristal,
322,Letras decorativas de MDF,
323,Porta-retrato de acrílico personalizado,
324,Balão de unicórnio,
325,Placa de direcionamento,
326,Kit para banheiro em acrílico,
327,Guirlanda de luzes temática,
328,Pote de vidro com tampa decorado,
329,Cachepô de papel machê,
330,Convite digital personalizado,
331,Taça de vinho personalizada,
332,Balão de nuvem,
333,Topo de bolo de MDF,
334,Porta-retrato de vidro,
335,Jogo de toalhas de banho personalizado,
336,Prato de bolo temático,
337,Árvore de doces,
338,Sacola de papel decorada,
339,Cortina de corações,
340,Enfeite de teto de papel crepom,
341,Bandeja rústica temática,
342,Placa de boas-vindas de madeira,
343,Mini vaso de flores de cerâmica,
344,Guardanapo de papel temático,
345,Árvore de pirulitos,
346,Kit de talheres de bambu,
347,Balão de coroa,
348,Porta-guardanapo temático de MDF,
349,Arranjo de flores naturais em cachepô de cerâmica,
350,Bandeirinhas de papel temáticas,
351,Prato de sobremesa temático,
352,Bolo fake de papelão,
353,Enfeite de mesa de espelho,
354,Topo de bolo de acrílico personalizado,
355,Porta-retrato de metal,
356,Vaso de flores de plástico decorado,
357,Convite em forma de bilhete de trem,
358,Taça de champanhe temática,
359,Balão de animais da fazenda,
360,Placa de agradecimento em MDF,
361,Porta-velas de cerâmica,
362,Kit de banheiro de vidro personalizado,
363,Guirlanda de papel crepom temática,
364,Pote de vidro decorado com laço,
365,Cachepô de madeira,
366,Letras luminosas em MDF,
367,Balão colorido,
368,Banner personalizado,
369,Guardanapo de papel decorado,
370,Vela aromática,
371,Porta-retrato temático,
372,Cortina de luzes,
373,Arranjo de flores artificiais,
374,Letras luminosas,
375,Taça de champanhe personalizada,
376,Painel decorativo,
377,Mini vasos de flores,
378,Jogo americano temático,
379,Prato de bolo decorativo,
380,Árvore de balões,
381,Bandeirinhas coloridas,
382,Balão metalizado,
383,Vaso de vidro decorado,
384,Guardanapo de tecido estampado,
385,Enfeite de mesa temático,
386,Topo de bolo personalizado,
387,Copo de acrílico decorado,
388,Cortina de franjas,
389,Guirlanda de flores,
390,Placa de boas-vindas,
391,Cartão de agradecimento,
392,Caixa para lembrancinhas,
393,Lanterna japonesa,
394,Jogo de talheres personalizados,
395,Balão transparente,
396,Peso de balão decorado,
397,Caixa de som com luzes,
398,Capa de cadeira temática,
399,Porta-guardanapo de tecido,
400,Balde de gelo personalizado,
401,Toalha de mesa estampada,
402,Enfeite de parede temático,
403,Topo de bolo de acrílico,
404,Porta-copos personalizados,
405,Placa de sinalização,
406,Balão gigante,
407,Sacola para lembrancinhas,
408,Cortina de borboletas,
409,Mini arranjo de flores naturais,
410,Puff temático,
411,Bandeja decorativa,
412,Prato de sobremesa decorado,
413,Árvore de jujuba,
414,Guardanapo de papel personalizado,
415,Caixa de presente temática,
416,Cachepô de papelão decorado,
417,Enfeite de mesa de vidro,
418,Convite personalizado,
419,Taça de sobremesa decorada,
420,Balão de coração,
421,Placa de número temática,
422,Jogo de xícaras personalizado,
423,Cobre-manche de cadeira temático,
424,Vaso de cerâmica decorado,
425,Porta-vela temático,
426,Kit para banheiro personalizado,
427,Placa de agradecimento,
428,Balão de estrela,
429,Lembrancinha personalizada,
430,Bolo fake temático,
431,Enfeite de teto temático,
432,Topo de bolo de madeira,
433,Pote de vidro decorado,
434,Guirlanda de papel,
435,Toalha de mesa de renda,
436,Porta-retrato de acrílico,
437,Kit de talheres personalizados,
438,Copo de vidro decorado,
439,Cordão de luzes temático,
440,Placa de identificação,
441,Balão de látex,
442,Porta-velas de vidro,
443,Saquinho para lembrancinhas,
444,Bandeja espelhada,
